WKT,County.Code,Site.Num,Parameter.Code,monitor_id
"POINT (-104.987625 39.751184)",031,0002,88101,0310002
"POINT (-104.95665 39.781083)",031,0023,88101,0310023
"POINT (-104.998113 39.704005)",031,0025,88101,0310025
"POINT (-105.030681 39.751761)",031,0014,44201,0310014
"POINT (-104.998113 39.704005)",031,0025,44201,0310025
